Title,Price,Rating,Date
Harbor Bay by DXL Big and Tall,$35.00,4.5 out of 5 stars,2022-03-01
Harbor Bay by DXL Big and Tall,$35.00,4.5 out of 5 stars,2022-03-01
Harbor Bay by DXL Big and Tall,$35.00,4.5 out of 5 stars,2022-03-01
Harbor Bay by DXL Big and Tall,$35.00,4.5 out of 5 stars,2022-03-01
Harbor Bay by DXL Big and Tall,$35.00,4.5 out of 5 stars,2022-03-01
Harbor Bay by DXL Big and Tall,$35.00,4.5 out of 5 stars,2022-03-01
Harbor Bay by DXL Big and Tall,$35.00,4.5 out of 5 stars,2022-03-01
Harbor Bay by DXL Big and Tall,$35.00,4.5 out of 5 stars,2022-03-01
Harbor Bay by DXL Big and Tall,$35.00,4.5 out of 5 stars,2022-03-01
Harbor Bay by DXL Big and Tall,$35.00,4.5 out of 5 stars,2022-03-01
Harbor Bay by DXL Big and Tall,$35.00,4.5 out of 5 stars,2022-03-01
Harbor Bay by DXL Big and Tall,$35.00,4.5 out of 5 stars,2022-03-01
Harbor Bay by DXL Big and Tall,$35.00,4.5 out of 5 stars,2022-03-01
Harbor Bay by DXL Big and Tall,$35.00,4.5 out of 5 stars,2022-03-01
Harbor Bay by DXL Big and Tall,$35.00,4.5 out of 5 stars,2022-03-01
